Date,CPI_Inflation,Policy_Rate,USD_INR,Crude_Oil_Price,Industrial_Production
2016-01-01,5.905512,7.75,67.3332,31.683157894736844,102.458
2016-02-01,5.533597,7.75,68.2395,30.323,102.1779
2016-03-01,5.511811,7.75,66.8909,37.54636363636364,103.0305
2016-04-01,5.859375,7.15,66.4219,40.7552380952381,104.2878
2016-05-01,6.5891470000000005,7.0,66.8895,46.712380952380954,105.6433
2016-06-01,6.130268,7.0,67.2655,48.75727272727273,107.0064
2016-07-01,6.463878,7.0,67.158,44.6515,105.6908
2016-08-01,5.303030000000001,7.0,66.9035,44.72434782608696,104.8896
2016-09-01,4.135338,7.0,66.7138,45.18238095238095,105.7285
2016-10-01,3.345725,6.75,66.7415,49.775238095238095,108.2415
2016-11-01,2.592592,6.75,67.6395,45.66095238095238,106.2647
2016-12-01,2.230483,6.75,67.8052,51.9704761904762,104.8987
2017-01-01,1.858736,6.75,68.0474,52.504,105.7581
2017-02-01,2.621723,6.75,66.9726,53.46842105263158,107.0553
2017-03-01,2.61194,6.75,65.8009,49.32782608695652,107.4443
2017-04-01,2.214022,6.5,64.536,51.060526315789474,108.0137
2017-05-01,1.090909,6.5,64.4195,48.47636363636364,108.2729
2017-06-01,1.083032,6.5,64.4482,45.177727272727275,106.7035
2017-07-01,1.785714,6.5,64.424,46.630526315789474,106.9109
2017-08-01,2.517986,6.25,63.9683,48.03695652173913,110.0302
2017-09-01,2.888087,6.25,64.4775,49.822,110.5556
2017-10-01,3.23741,6.25,65.0357,51.57772727272727,110.0814
2017-11-01,3.971119,6.25,64.8435,56.63857142857143,115.104
2017-12-01,4.0,6.25,64.2445,57.8815,112.7984
2018-01-01,5.109489,6.25,63.6452,63.698571428571434,113.2417
2018-02-01,4.744525,6.25,64.43,62.22947368421052,114.3817
2018-03-01,4.363636,6.25,65.0455,62.724761904761905,113.1409
2018-04-01,3.971119,6.25,65.6729,66.25380952380952,112.7216
2018-05-01,3.956835,6.25,67.51,69.97818181818182,112.4851
2018-06-01,3.928571,6.45,67.79,67.87333333333333,114.7806
2018-07-01,5.614035,6.5,68.6867,70.98142857142857,113.5731
2018-08-01,5.614035,6.75,69.6317,68.05565217391305,115.3802
2018-09-01,5.614035,6.75,72.2779,70.2321052631579,116.2728
2018-10-01,5.226481,6.75,73.5609,70.74869565217391,119.1606
2018-11-01,4.861111,6.75,71.738,56.963499999999996,115.2904
2018-12-01,5.2447550000000005,6.75,70.8331,49.522777777777776,115.4519
2019-01-01,6.597222,6.75,70.71,51.37571428571429,114.727
2019-02-01,6.968641000000001,6.5625,71.1739,54.95473684210527,114.4899
2019-03-01,7.665504999999999,6.5,69.4895,58.151428571428575,116.2688
2019-04-01,8.333332999999998,6.25,69.4068,63.862380952380946,116.1259
2019-05-01,8.650519000000001,6.25,69.7827,60.82681818181818,117.8522
2019-06-01,8.591064999999999,6.0,69.388,54.657500000000006,116.7972
2019-07-01,5.980066000000001,6.0,68.7391,57.35809523809524,118.5474
2019-08-01,6.312293,5.72,71.1891,54.80590909090909,114.0543
2019-09-01,6.976744,5.65,71.311,56.947,111.0008
2019-10-01,7.615894,5.4,71.0086,53.96304347826087,111.2068
2019-11-01,8.609271000000001,5.4,71.4942,57.048947368421054,117.9999
2019-12-01,9.634551,5.4,71.1567,59.81666666666667,115.4566
2020-01-01,7.491857,5.4,71.279,57.519047619047626,117.0925
2020-02-01,6.840391,5.4,71.5295,50.54263157894737,116.4763
2020-03-01,5.501618,5.21,74.5482,29.207727272727276,94.19592
2020-04-01,5.448718,4.65,76.1682,16.547619047619047,49.61062
2020-05-01,5.095541000000001,4.49,75.6575,28.5625,79.07681
2020-06-01,5.063291,4.25,75.7077,38.307272727272725,97.29153
2020-07-01,5.329154,4.25,74.9286,40.710454545454546,105.6832
2020-08-01,5.625,4.25,74.5657,42.33904761904762,106.1583
2020-09-01,5.636574,4.25,73.5233,39.63428571428571,112.1846
2020-10-01,5.902163,4.25,73.5648,39.39590909090909,116.3681
2020-11-01,5.284787000000001,2.25,74.2311,40.93736842105263,116.1108
2020-12-01,3.686636,4.25,73.6195,47.025,117.4653
2021-01-01,3.162966,4.25,73.1106,52.008421052631576,116.7576
2021-02-01,4.494493,4.25,72.8053,59.04631578947369,116.609
2021-03-01,5.6656580000000005,4.25,72.8196,62.333043478260876,116.7046
2021-04-01,5.13986,4.25,74.5186,61.71666666666666,115.8919
2021-05-01,5.257646,4.25,73.2065,65.1695,101.1032
2021-06-01,5.577841,4.25,73.5782,71.37818181818182,110.9549
2021-07-01,5.26388,4.25,74.539,72.4852380952381,117.8436
2021-08-01,4.811442,4.25,74.1155,67.73045454545455,119.6326
2021-09-01,4.403048,4.25,73.6357,71.64619047619047,117.3245
2021-10-01,4.518828,4.25,74.92,81.47666666666666,121.3427
2021-11-01,4.837365,4.25,74.477,79.14750000000001,116.9877
2021-12-01,5.555555,4.25,75.3948,71.71181818181819,118.5863
2022-01-01,5.837564,4.25,74.4075,83.22200000000001,119.0099
2022-02-01,5.042017,4.25,74.9695,91.64105263157894,117.9887
2022-03-01,5.351171,4.25,76.1896,108.50260869565217,119.2456
2022-04-01,6.32806,4.25,76.1719,101.7775,123.8863
2022-05-01,6.965174,4.65,77.2933,109.55238095238094,120.8571
2022-06-01,6.162694999999999,5.03,78.09,114.83714285714285,125.1665
2022-07-01,5.781759,5.15,79.5915,101.619,120.5761
2022-08-01,5.853659,5.65,79.5065,93.66521739130435,118.4695
2022-09-01,6.48824,5.75,80.2538,84.25809523809524,121.3596
2022-10-01,6.084868,6.15,82.2915,87.5547619047619,116.3506
2022-11-01,5.409706,6.15,81.6805,84.37047619047618,125.8132
2022-12-01,5.502392,6.43,82.4738,76.43714285714286,124.9108
2023-01-01,6.155076,6.5,81.741,78.123,125.6181
2023-02-01,6.16,6.69,82.5995,76.83263157894737,
2023-03-01,5.7936510000000006,6.75,82.2665,73.27782608695652,
2023-04-01,5.090055,6.75,81.9685,79.44631578947369,
2023-05-01,4.418605,6.75,82.2977,71.57818181818182,
2023-06-01,5.572755,6.75,82.2252,70.24809523809525,
2023-07-01,7.5442649999999984,6.75,82.1565,76.0695,
2023-08-01,6.912442,6.75,82.8122,81.38608695652174,
2023-09-01,4.722011,6.75,83.07,89.425,
2023-10-01,4.4528300000000005,6.75,83.2162,85.63952380952381,
2023-11-01,4.981132,6.75,83.266,77.685,
2023-12-01,4.913076,6.75,83.254,71.9,
